<edmx:Edmx 
	Version="1.0" xmlns:edmx="http://schemas.microsoft.com/ado/2007/06/edmx"
	xmlns:m="http://schemas.microsoft.com/ado/2007/08/dataservices/metadata" 
	xmlns:sap="http://www.sap.com/Protocols/SAPData">
	<edmx:DataServices m:DataServiceVersion="2.0">
		<Schema Namespace="ZEDI_COB_SRV" xml:lang="en" sap:schema-version="1" xmlns="http://schemas.microsoft.com/ado/2008/09/edm">
			<EntityType Name="address" sap:content-version="1">
				<Key><PropertyRef Name="ship_to"/></Key><Property Name="ship_to" Type="Edm.String" Nullable="false" sap:unicode="false" sap:updatable="false"/><Property Name="city" Type="Edm.String" Nullable="false" sap:unicode="false" sap:updatable="false"/><Property Name="po" Type="Edm.String" Nullable="false" sap:unicode="false" sap:updatable="false"/></EntityType>
			<EntityType Name="edpar" sap:content-version="1">
				<Key><PropertyRef Name="ship_to"/></Key><Property Name="ship_to" Type="Edm.String" Nullable="false" sap:unicode="false" sap:updatable="false"/><Property Name="customer" Type="Edm.String" Nullable="false" sap:unicode="false" sap:updatable="false"/><Property Name="function" Type="Edm.String" Nullable="false" sap:unicode="false" sap:updatable="false"/><Property Name="external_partner" Type="Edm.String" Nullable="false" sap:unicode="false" sap:updatable="false"/><Property Name="internal_partner" Type="Edm.String" Nullable="false" sap:unicode="false" sap:updatable="false"/><Property Name="name" Type="Edm.String" Nullable="false" sap:unicode="false" sap:updatable="false"/></EntityType>
			<EntityType Name="puma" sap:content-version="1">
				<Key><PropertyRef Name="ship_to"/></Key><Property Name="ship_to" Type="Edm.String" Nullable="false" sap:unicode="false" sap:updatable="false"/><Property Name="record_function" Type="Edm.String" Nullable="false" sap:unicode="false" sap:updatable="false"/><Property Name="recipient_part_no" Type="Edm.String" Nullable="false" sap:unicode="false" sap:updatable="false"/><Property Name="convert_function" Type="Edm.String" Nullable="false" sap:unicode="false" sap:updatable="false"/><Property Name="partner_number_convert" Type="Edm.String" Nullable="false" sap:unicode="false" sap:updatable="false"/><Property Name="external_partner" Type="Edm.String" Nullable="false" sap:unicode="false" sap:updatable="false"/></EntityType>
			<EntityType Name="business_division" sap:content-version="1">
				<Key><PropertyRef Name="ship_to"/></Key><Property Name="ship_to" Type="Edm.String" Nullable="false" sap:unicode="false" sap:updatable="false"/><Property Name="business_div" Type="Edm.Boolean" Nullable="false" sap:unicode="false" sap:label="Indicator" sap:updatable="false"/><Property Name="sold_to" Type="Edm.String" Nullable="false" sap:unicode="false" sap:updatable="false"/><Property Name="bill_to" Type="Edm.String" Nullable="false" sap:unicode="false" sap:updatable="false"/><Property Name="address_name" Type="Edm.String" Nullable="false" sap:unicode="false" sap:updatable="false"/><Property Name="street" Type="Edm.String" Nullable="false" sap:unicode="false" sap:updatable="false"/><Property Name="city" Type="Edm.String" Nullable="false" sap:unicode="false" sap:updatable="false"/><Property Name="region" Type="Edm.String" Nullable="false" sap:unicode="false" sap:updatable="false"/><Property Name="country" Type="Edm.String" Nullable="false" sap:unicode="false" sap:updatable="false"/><Property Name="po" Type="Edm.String" Nullable="false" sap:unicode="false" sap:updatable="false"/><Property Name="orders" Type="Edm.Boolean" Nullable="false" sap:unicode="false" sap:label="Indicator" sap:updatable="false"/><Property Name="ordrsp" Type="Edm.Boolean" Nullable="false" sap:unicode="false" sap:label="Indicator" sap:updatable="false"/><Property Name="invoic" Type="Edm.Boolean" Nullable="false" sap:unicode="false" sap:label="Indicator" sap:updatable="false"/><Property Name="desadv" Type="Edm.Boolean" Nullable="false" sap:unicode="false" sap:label="Indicator" sap:updatable="false"/><Property Name="edpar" Type="Edm.Boolean" Nullable="false" sap:unicode="false" sap:label="Indicator" sap:updatable="false"/><Property Name="puma" Type="Edm.Boolean" Nullable="false" sap:unicode="false" sap:label="Indicator" sap:updatable="false"/><NavigationProperty Name="addressSet" Relationship="ZEDI_COB_SRV.business_to_address" FromRole="FromRole_business_to_address"
					ToRole="ToRole_business_to_address"/><NavigationProperty Name="shiptoSet" Relationship="ZEDI_COB_SRV.business_to_shipto" FromRole="FromRole_business_to_shipto"
					ToRole="ToRole_business_to_shipto"/><NavigationProperty Name="pumaSet" Relationship="ZEDI_COB_SRV.business_to_puma" FromRole="FromRole_business_to_puma"
					ToRole="ToRole_business_to_puma"/><NavigationProperty Name="edparSet" Relationship="ZEDI_COB_SRV.business_to_edpar" FromRole="FromRole_business_to_edpar"
					ToRole="ToRole_business_to_edpar"/><NavigationProperty Name="telephonySet" Relationship="ZEDI_COB_SRV.business_to_telephony" FromRole="FromRole_business_to_telephony"
					ToRole="ToRole_business_to_telephony"/></EntityType>
			<EntityType Name="telephony" sap:content-version="1">
				<Key><PropertyRef Name="ship_to"/><PropertyRef Name="transaction"/></Key><Property Name="ship_to" Type="Edm.String" Nullable="false" sap:unicode="false" sap:updatable="false"/><Property Name="transaction" Type="Edm.Boolean" Nullable="false" sap:unicode="false" sap:label="Indicator" sap:updatable="false"/><Property Name="name" Type="Edm.String" Nullable="false" sap:unicode="false" sap:updatable="false"/><Property Name="company" Type="Edm.String" Nullable="false" sap:unicode="false" sap:updatable="false"/><Property Name="telephone_no" Type="Edm.String" Nullable="false" sap:unicode="false" sap:updatable="false"/><Property Name="exclusion" Type="Edm.Boolean" Nullable="false" sap:unicode="false" sap:label="Indicator" sap:updatable="false"/></EntityType>
			<EntityType Name="shipto" sap:content-version="1">
				<Key><PropertyRef Name="ship_to"/></Key><Property Name="ship_to" Type="Edm.String" Nullable="false" sap:unicode="false" sap:updatable="false"/><Property Name="shipto_name" Type="Edm.String" Nullable="false" sap:unicode="false" sap:updatable="false"/></EntityType>
			<Association Name="business_to_puma" sap:content-version="1"><End Type="ZEDI_COB_SRV.business_division" Multiplicity="*" Role="FromRole_business_to_puma"/><End Type="ZEDI_COB_SRV.puma" Multiplicity="*" Role="ToRole_business_to_puma"/>
				<ReferentialConstraint>
					<Principal Role="FromRole_business_to_puma"><PropertyRef Name="ship_to"/></Principal>
					<Dependent Role="ToRole_business_to_puma"><PropertyRef Name="ship_to"/></Dependent>
				</ReferentialConstraint>
			</Association>
			<Association Name="business_to_edpar" sap:content-version="1"><End Type="ZEDI_COB_SRV.business_division" Multiplicity="*" Role="FromRole_business_to_edpar"/><End Type="ZEDI_COB_SRV.edpar" Multiplicity="*" Role="ToRole_business_to_edpar"/>
				<ReferentialConstraint>
					<Principal Role="FromRole_business_to_edpar"><PropertyRef Name="ship_to"/></Principal>
					<Dependent Role="ToRole_business_to_edpar"><PropertyRef Name="ship_to"/></Dependent>
				</ReferentialConstraint>
			</Association>
			<Association Name="business_to_telephony" sap:content-version="1"><End Type="ZEDI_COB_SRV.business_division" Multiplicity="*" Role="FromRole_business_to_telephony"/><End Type="ZEDI_COB_SRV.telephony" Multiplicity="*" Role="ToRole_business_to_telephony"/>
				<ReferentialConstraint>
					<Principal Role="FromRole_business_to_telephony"><PropertyRef Name="ship_to"/></Principal>
					<Dependent Role="ToRole_business_to_telephony"><PropertyRef Name="ship_to"/></Dependent>
				</ReferentialConstraint>
			</Association>
			<Association Name="business_to_address" sap:content-version="1"><End Type="ZEDI_COB_SRV.business_division" Multiplicity="*" Role="FromRole_business_to_address"/><End Type="ZEDI_COB_SRV.address" Multiplicity="*" Role="ToRole_business_to_address"/>
				<ReferentialConstraint>
					<Principal Role="FromRole_business_to_address"><PropertyRef Name="ship_to"/></Principal>
					<Dependent Role="ToRole_business_to_address"><PropertyRef Name="ship_to"/></Dependent>
				</ReferentialConstraint>
			</Association>
			<Association Name="business_to_shipto" sap:content-version="1"><End Type="ZEDI_COB_SRV.business_division" Multiplicity="*" Role="FromRole_business_to_shipto"/><End Type="ZEDI_COB_SRV.shipto" Multiplicity="*" Role="ToRole_business_to_shipto"/>
				<ReferentialConstraint>
					<Principal Role="FromRole_business_to_shipto"><PropertyRef Name="ship_to"/></Principal>
					<Dependent Role="ToRole_business_to_shipto"><PropertyRef Name="ship_to"/></Dependent>
				</ReferentialConstraint>
			</Association>
			<EntityContainer Name="ZEDI_COB_SRV_Entities" m:IsDefaultEntityContainer="true" sap:supported-formats="atom json xlsx"><EntitySet Name="addressSet" EntityType="ZEDI_COB_SRV.address" sap:updatable="false" sap:deletable="false" sap:searchable="true"
				sap:addressable="false" sap:requires-filter="true" sap:content-version="1"/><EntitySet Name="edparSet" EntityType="ZEDI_COB_SRV.edpar" sap:updatable="false" sap:deletable="false" sap:searchable="true"
				sap:addressable="false" sap:requires-filter="true" sap:content-version="1"/><EntitySet Name="pumaSet" EntityType="ZEDI_COB_SRV.puma" sap:updatable="false" sap:deletable="false" sap:searchable="true"
				sap:addressable="false" sap:requires-filter="true" sap:content-version="1"/><EntitySet Name="business_divisionSet" EntityType="ZEDI_COB_SRV.business_division" sap:updatable="false" sap:deletable="false"
				sap:searchable="true" sap:addressable="false" sap:requires-filter="true" sap:content-version="1"/><EntitySet Name="telephonySet" EntityType="ZEDI_COB_SRV.telephony" sap:updatable="false" sap:deletable="false" sap:searchable="true"
				sap:addressable="false" sap:requires-filter="true" sap:content-version="1"/><EntitySet Name="shiptoSet" EntityType="ZEDI_COB_SRV.shipto" sap:creatable="false" sap:updatable="false" sap:deletable="false"
				sap:pageable="false" sap:addressable="false" sap:content-version="1"/>
				<AssociationSet Name="business_to_addressSet" Association="ZEDI_COB_SRV.business_to_address" sap:creatable="false" sap:updatable="false"
					sap:deletable="false" sap:content-version="1"><End EntitySet="business_divisionSet" Role="FromRole_business_to_address"/><End EntitySet="addressSet" Role="ToRole_business_to_address"/></AssociationSet>
				<AssociationSet Name="business_to_telephonySet" Association="ZEDI_COB_SRV.business_to_telephony" sap:creatable="false" sap:updatable="false"
					sap:deletable="false" sap:content-version="1"><End EntitySet="business_divisionSet" Role="FromRole_business_to_telephony"/><End EntitySet="telephonySet" Role="ToRole_business_to_telephony"/></AssociationSet>
				<AssociationSet Name="business_to_shiptoSet" Association="ZEDI_COB_SRV.business_to_shipto" sap:creatable="false" sap:updatable="false"
					sap:deletable="false" sap:content-version="1"><End EntitySet="business_divisionSet" Role="FromRole_business_to_shipto"/><End EntitySet="shiptoSet" Role="ToRole_business_to_shipto"/></AssociationSet>
				<AssociationSet Name="business_to_edparSet" Association="ZEDI_COB_SRV.business_to_edpar" sap:creatable="false" sap:updatable="false"
					sap:deletable="false" sap:content-version="1"><End EntitySet="business_divisionSet" Role="FromRole_business_to_edpar"/><End EntitySet="edparSet" Role="ToRole_business_to_edpar"/></AssociationSet>
				<AssociationSet Name="business_to_pumaSet" Association="ZEDI_COB_SRV.business_to_puma" sap:creatable="false" sap:updatable="false"
					sap:deletable="false" sap:content-version="1"><End EntitySet="business_divisionSet" Role="FromRole_business_to_puma"/><End EntitySet="pumaSet" Role="ToRole_business_to_puma"/></AssociationSet>
			</EntityContainer><atom:link rel="self" href="http://OLYDF2.OAI.OLYMPUSGLOBAL.COM:8072/sap/opu/odata/SAP/ZEDI_COB_SRV/$metadata"
				xmlns:atom="http://www.w3.org/2005/Atom"/><atom:link rel="latest-version" href="http://OLYDF2.OAI.OLYMPUSGLOBAL.COM:8072/sap/opu/odata/SAP/ZEDI_COB_SRV/$metadata"
				xmlns:atom="http://www.w3.org/2005/Atom"/></Schema>
	</edmx:DataServices>
</edmx:Edmx>